Model,Sharpe,Sortino,MaxDrawdown,AvgTurnover
CNN-BiLSTM-Attn,-0.30866529381815727,-0.4373773179570813,-0.056645356356832,0.012335514649748802
CNN-only,-0.3524534686919183,-0.4924783643043202,-0.05726898197302976,0.019352221861481667
SVR (RBF),-0.4126216625266382,-0.5865787056610385,-0.06829482734091778,0.08645511102553195
LSTM-only,-0.7006962124491743,-0.9177560637626526,-0.07982955982729861,0.0364711619913578
GJR-GARCH,-0.7603200239692663,-0.9955396653351263,-0.08345957530353705,0.042852727116195775
GRU-only,-0.7625341156263297,-0.9975730972850975,-0.08318290026670119,0.048239193856716156
GARCH,-0.8039618927552231,-1.0396611940339324,-0.08583830577552366,0.042852006688657206
Hybrid (ARIMA+DL),-0.8885242346106335,-1.1439725140690131,-0.08923607107226822,0.03710516241311939
HAR-RV,-1.2133771306377596,-1.5232647772693328,-0.1075481765136586,0.07675590993147235
Residual Hybrid (ARIMA+DL-resid),-1.582231194112472,-1.8774043903061226,-0.13151726576609463,0.08437395904537402
ARIMA,-1.5826639389545336,-1.884843182895721,-0.12876585821216951,0.07745342321083458
Naive_Persistence,-2.843366032515326,-3.280170267192654,-0.038071002034980796,0.06239274634757867
