Regime,Model,RMSE,MAE,N
bear,HAR-RV,0.007783474553644009,0.006189908997418907,57
bear,Residual Hybrid (ARIMA+DL-resid),0.008047218721785604,0.0062541588554480545,57
bear,Hybrid (ARIMA+DL),0.008900109141624745,0.0063754434745994576,57
bear,ARIMA,0.009181265733415005,0.00667902973052641,57
bear,GARCH,0.00924293403472676,0.008122356748743783,57
bear,GJR-GARCH,0.009398384603418358,0.00832368708649301,57
bear,GRU-only,0.00975368864989933,0.007006586403103384,57
bear,CNN-BiLSTM-Attn,0.011954037904875309,0.009588229753495528,57
bear,LSTM-only,0.012645163688799005,0.008171188892403673,57
bear,SVR (RBF),0.015066689178948848,0.012216265137183662,57
bear,Naive_Persistence,0.022427011426208225,0.020649399050795006,57
bear,CNN-only,0.022654030559046568,0.013059888326892914,57
bull,HAR-RV,0.007756255449786026,0.0059368347289727365,64
bull,GARCH,0.00857523532082717,0.007540567384881732,64
bull,GJR-GARCH,0.008733425488751561,0.007612358222255372,64
bull,Residual Hybrid (ARIMA+DL-resid),0.008926674676653753,0.006963301649506764,64
bull,Hybrid (ARIMA+DL),0.008958598754133658,0.007036675720806679,64
bull,GRU-only,0.00942961442923142,0.0072073001273360495,64
bull,ARIMA,0.0099595859353319,0.007164315145918514,64
bull,CNN-BiLSTM-Attn,0.012920786114023938,0.010840664861272234,64
bull,LSTM-only,0.013057375058707582,0.008961249798146744,64
bull,SVR (RBF),0.01384513748869377,0.011160590704893128,64
bull,Naive_Persistence,0.022195856467697256,0.019713623108508833,64
bull,CNN-only,0.024250438226460492,0.014454828427185104,64
calm,Residual Hybrid (ARIMA+DL-resid),0.009514926657337658,0.006216775090663086,119
calm,GRU-only,0.009604675108581718,0.00816200602793886,119
calm,LSTM-only,0.010270189952440572,0.008935397513944262,119
calm,ARIMA,0.010905684686575667,0.006873055028244404,119
calm,Hybrid (ARIMA+DL),0.010946959225183487,0.008620665560596978,119
calm,HAR-RV,0.011256768611320161,0.00879753470028047,119
calm,GARCH,0.013722183954857893,0.01276813678619839,119
calm,GJR-GARCH,0.013803887432088381,0.012999745818984776,119
calm,CNN-BiLSTM-Attn,0.013927837745976807,0.013120623328525179,119
calm,CNN-only,0.014180935667286376,0.013090443014392031,119
calm,SVR (RBF),0.016209561653433235,0.014144645029513472,119
calm,Naive_Persistence,0.01802581474433787,0.015571235238914577,119
crisis,GJR-GARCH,0.008497590110725189,0.006564431827719552,119
crisis,GARCH,0.008954683448729196,0.007135234812595129,119
crisis,HAR-RV,0.010255288456747284,0.007341420328121153,119
crisis,Hybrid (ARIMA+DL),0.011245496833173526,0.009012894225380659,119
crisis,GRU-only,0.011915559216124978,0.009592622451322853,119
crisis,ARIMA,0.01242356374103523,0.009154270998466784,119
crisis,Residual Hybrid (ARIMA+DL-resid),0.01303090280209995,0.009281556058079784,119
crisis,CNN-BiLSTM-Attn,0.013499113429161215,0.011391650900732093,119
crisis,LSTM-only,0.013909120326335773,0.01130958693408613,119
crisis,SVR (RBF),0.0145945896108244,0.011461637398992648,119
crisis,CNN-only,0.021882785272357475,0.015032072133245705,119
crisis,Naive_Persistence,0.02598619140225312,0.024152410426687566,119
