Ticker,Horizon,RMSE,MAE,N
BTC-USD,1,0.008430175901692987,0.006669578255096019,360
ETH-USD,1,0.00939819382172644,0.007907117670966805,360
DOGE-USD,1,0.02094177930017423,0.015231933950329886,360
XRP-USD,1,0.017711453497826983,0.012509743882676935,360
BTC-USD,3,0.0072315754697811745,0.0062751898829410705,360
ETH-USD,3,0.009371496548762027,0.00794846080609369,360
DOGE-USD,3,0.018583483513090707,0.013789847710652474,360
XRP-USD,3,0.014859382659400667,0.01258113028537256,360
BTC-USD,7,0.007596750980827265,0.006489966708980411,359
ETH-USD,7,0.011936252847205477,0.00996748604012048,359
DOGE-USD,7,0.01955650774275416,0.014249757559517198,359
XRP-USD,7,0.01714368158429548,0.014742261049768956,359
